fixed_count,version3_1,version3_2,version3_3,version4_1,version4_2,version4_3,is_equal
3514,7236,9166,16350,4736,6666,8758,True
175,350,871,2088,175,696,696,True
1124,6434,10502,15812,4064,6548,4736,True
4169,11901,14099,17849,7782,8459,9611,True
4341,7473,7473,11903,4341,4341,5639,True
1510,4535,6147,9172,2739,3545,2739,True
0,0,0,0,0,0,0,True
601,1240,3002,7172,766,2528,3612,True
1534,6264,8768,12114,3132,4038,4038,True
0,0,0,0,0,0,0,True
924,5018,7263,9663,3277,4399,4403,True
1449,8451,11349,12798,5640,6664,7176,True
837,3428,4530,5941,2192,2661,2791,True
1560,3120,3120,4680,1560,1560,1560,True
5534,17405,22053,27883,9944,11281,12961,True
4460,8866,8866,11746,5986,5986,5986,True
0,0,2010,6029,0,2010,2991,True
771,4899,7606,9935,2942,4206,4993,True
3792,9076,12597,21428,6039,9042,10348,True
9053,23536,31109,47675,14634,18814,18133,True
1093,4572,6847,10104,2808,4201,3208,True
3752,13489,17036,22018,9115,10713,10767,True
6543,13086,13086,19629,6543,6543,6543,True
2313,10494,16020,23237,6279,9352,11381,True
1453,5016,7753,12697,2904,4586,5011,True
3071,9216,12334,18479,6093,8138,7507,True
3167,12218,17006,22629,7055,8999,10503,True
0,0,0,0,0,0,0,True
2248,7643,12688,21447,5083,9146,11573,True
3764,9121,12533,20729,5532,7797,7528,True
1535,4465,5715,8645,2879,3715,3680,True
0,0,0,0,0,0,0,True
1544,4592,5344,6888,2296,2296,2296,True
1296,4104,5468,7980,2735,3606,4368,True
2727,7445,10221,16078,4233,5867,6386,True
2402,4582,4582,6317,2847,2847,2847,True
0,0,0,0,0,0,0,True
1572,5006,6815,10127,3419,4633,5843,True
3027,8874,11113,15798,4437,5266,5266,True
741,3345,5567,9108,1920,3267,3641,True
1019,5987,9539,13875,3981,6225,6909,True
1149,8592,11093,12040,5144,5144,5144,True
1188,4752,7024,10380,3228,4738,5808,True
2383,8010,11254,16881,4005,5627,4005,True
605,4100,5545,6150,2050,2050,2050,True
1448,6947,10228,14140,4164,5796,6646,True
1658,5572,6700,7828,3316,3316,3316,True
2270,5002,6092,9489,3221,4311,4507,True
4058,11772,14257,17575,7099,7581,8229,True
655,1276,2165,4530,818,1707,2308,True
1030,5931,8742,11624,3749,5097,5824,True
0,0,0,0,0,0,0,True
1807,7810,11042,15111,5094,6858,6253,True
3192,6625,6625,10031,4133,4133,5047,True
1696,3116,3116,4259,1973,1973,1973,True
4023,20224,30537,42950,13445,19678,23848,True
2730,9020,12081,17373,4510,5791,4510,True
2602,10084,14964,22446,6698,9885,12288,True
3173,9822,10940,13159,6485,6485,6485,True
3012,5812,8681,17863,3780,6649,9631,True
0,0,0,0,0,0,0,True
991,4860,7316,10472,3143,4582,3143,True
2200,12177,18395,25597,8279,11974,14297,True
1634,5793,8489,12989,3649,5507,5519,True
2259,8063,9955,12214,5093,5632,6274,True
1801,6477,10449,17310,4235,7225,9354,True
3043,9444,12727,18918,6099,8194,9852,True
1774,4561,5801,8588,2586,3206,2586,True
1754,6410,8116,9823,4089,4635,5181,True
1455,5485,8374,13009,3569,5532,6743,True
1388,8320,13010,18669,5514,8334,8334,True
0,0,0,0,0,0,0,True
466,1082,1376,2160,653,824,821,True
5298,10379,11771,17077,6307,7047,7453,True
1689,4992,6853,10434,2823,3811,4178,True
3020,9350,12660,18990,4675,6330,4675,True
0,0,0,0,0,0,0,True
2457,7882,10595,15406,5242,6988,5986,True
2113,8598,11916,16135,5468,7140,8377,True
7001,21277,30129,47253,14083,20495,19782,True
4650,15158,21286,31634,9607,13502,14678,True
2262,8934,12813,18423,6025,8469,9198,True
1582,4662,6741,10983,2331,3661,2912,True
3924,15775,21971,30817,10299,13983,15098,True
3659,7196,7196,10210,4886,4886,5590,True
0,0,0,0,0,0,0,True
3103,5998,5998,8001,3995,3995,3995,True
1121,2242,3363,6726,1494,2615,3734,True
1184,4154,5940,8910,2077,2970,2077,True
1384,2413,2900,5479,1384,1871,2447,True
1244,2488,2488,3732,1244,1244,1244,True
2896,9831,15074,24483,6460,10295,11147,True
2703,4977,5892,10458,3187,4102,5436,True
907,3142,4704,7413,1993,3077,3813,True
1652,6534,7911,9287,4209,4423,4637,True
945,2894,3926,6001,1678,2299,2056,True
0,0,0,0,0,0,0,True
1579,3158,3158,4737,1579,1579,1579,True
790,3678,6323,10356,2348,4221,5248,True
3262,6250,6250,8314,4186,4186,4186,True
1616,4423,6654,11618,2840,4603,5374,True
1052,2161,2161,2979,1343,1343,1343,True
2458,7502,8574,10535,4724,4814,4979,True
0,0,0,0,0,0,0,True
4857,12004,13332,18420,7641,8065,9694,True
5599,21144,31178,46951,13791,20410,17355,True
2452,8224,12192,19318,5035,7366,6389,True
1890,3143,3143,4396,1890,1890,1890,True
0,0,0,0,0,0,0,True
706,3259,5518,8855,2133,3760,4697,True
5655,11416,19032,38511,7969,15585,22509,True
1764,6495,9409,14050,4230,6133,6945,True
2652,10786,13527,16179,5393,5393,5393,True
3152,5663,5663,8174,3473,3473,3794,True
2493,7376,9429,13245,4783,5995,6355,True
4784,10323,12244,19403,5846,6953,7466,True
2233,8226,11740,17241,4113,5747,5747,True
3212,5894,5894,8092,3696,3696,3696,True
2550,4595,6015,11249,2958,4378,5701,True
1676,4950,6503,9623,3291,4304,3945,True
0,0,0,0,0,0,0,True
576,2212,2836,3680,1439,1703,1774,True
3229,9102,11962,18267,5630,7425,7036,True
1899,9594,15874,24031,5668,9337,12363,True
2470,10033,14890,21990,6510,9582,7545,True
0,0,0,0,0,0,0,True
922,2107,2969,5436,1258,1893,2233,True
402,7664,12413,15361,5066,7493,6346,True
1570,3092,3092,4515,2032,2032,2395,True
4384,13759,18688,27889,9331,12653,11606,True
3549,10508,14505,23030,6700,9701,9785,True
0,0,0,0,0,0,0,True
0,0,0,0,0,0,0,True
769,4120,6618,9835,2596,4139,2998,True
5822,11339,12744,19758,6694,7494,8191,True
1001,4393,6863,10490,2836,4406,5576,True
2251,7901,11317,16967,5070,7240,6119,True
987,3752,5255,7458,2397,3248,3312,True
2441,4168,4968,9179,2441,3241,4125,True
1390,7705,10515,13403,5224,6474,6873,True
2031,6238,6971,8341,4135,4135,4135,True
1248,2496,2496,3744,1248,1248,1248,True
881,7609,13573,20237,4994,8975,6277,True
2132,9846,15057,21957,6002,9068,10767,True
2600,9427,12628,17263,6010,7604,7210,True
3001,6056,6901,11552,3858,4703,5940,True
1257,4403,7260,11712,2780,5015,5406,True
253,2066,5889,12228,1421,4757,7136,True
816,1632,4775,11877,816,3959,3959,True
3394,10200,14302,22155,5923,8197,8617,True
1301,10087,12679,13649,6525,6525,6525,True
3108,7005,7005,10214,4332,4332,4868,True
2304,6628,8794,12950,4158,5516,5922,True
3005,5223,5223,8884,3005,3005,4448,True
1619,3201,3201,4783,2098,2098,2577,True
737,3123,4329,5806,2015,2630,3070,True
1891,3782,3782,5673,2323,2323,2755,True
0,0,0,0,0,0,0,True
1132,2327,2327,3404,1502,1502,1754,True
1490,4862,5803,7293,2431,2431,2431,True
2153,9337,11943,14084,6118,6957,7646,True
3722,10532,12937,17565,7049,8316,7880,True
3235,5686,7084,12777,3519,4917,5971,True
2603,13484,17570,20017,8611,9650,10271,True
1259,2752,4098,7632,1588,2693,3094,True
1446,5124,8236,13750,3149,5408,5173,True
3595,18626,26681,36044,12700,17176,13923,True
6192,23558,31350,42126,15011,18783,20633,True
3316,9421,12693,19618,6271,8565,9201,True
475,1917,2757,3871,1136,1555,1853,True
3034,10199,15925,26254,6674,10985,14134,True
1765,6136,9451,15264,4054,6435,8312,True
3109,8480,11586,18295,4899,6696,6237,True
2415,9768,13844,19473,6555,9024,6555,True
414,3539,4986,5972,2092,2378,2092,True
2425,6340,8619,13774,3779,5140,5019,True
1135,3087,3454,4635,2007,2117,2475,True
858,1611,1611,2457,1029,1029,1293,True
1986,8555,11755,15903,5192,6317,5705,True
2837,6266,6868,9427,4075,4426,4075,True
2330,4486,5726,10461,2899,4139,5465,True
1906,7620,13188,22422,5210,9574,12970,True
1098,2201,3305,6301,1478,2582,3407,True
2167,9690,12969,16500,5783,6617,7018,True
1145,2233,4561,10015,1540,3868,5669,True
3253,10496,13004,17289,7163,8404,9859,True
2754,9362,11289,14043,4681,4681,4681,True
675,2050,3292,5663,1243,2268,2641,True
2987,10869,15373,22877,6641,8820,9110,True
1474,5996,8180,10942,3864,4930,5684,True
1873,4150,4379,6191,2708,2774,3307,True
1734,5594,8392,13596,3469,5204,7220,True
0,5549,9590,13087,3532,5556,6509,True
4186,11321,13708,18131,6770,7418,7217,True
1250,2076,2076,2902,1250,1250,1250,True
2934,10158,12870,17113,6536,7769,8509,True
0,0,0,0,0,0,0,True
4449,9134,9134,13583,6182,6182,7679,True
1864,5810,8206,12678,3765,5445,6542,True
0,0,2206,8646,0,2206,4234,True
1797,3594,5499,11106,1797,3702,3702,True
2668,8366,11273,16417,5546,7339,6130,True
905,4383,5797,7103,2763,3216,3162,True
3405,11122,14364,19830,7319,9050,9493,True
4701,9078,9078,12495,5661,5661,5661,True
0,0,0,0,0,0,0,True
406,1112,1820,3340,704,1302,1708,True
276,2442,6345,12517,1476,4631,5919,True
423,3794,5254,6283,2478,2925,2762,True
2012,3798,5217,10024,2405,3824,5014,True
1554,6230,8907,12693,3115,4231,3115,True
986,4920,6330,7145,2695,2695,2695,True
1999,5576,6365,8364,2788,2788,2788,True
1528,4146,4799,6105,2712,2887,3237,True
2411,4822,4822,6694,2950,2950,2950,True
0,0,0,0,0,0,0,True
2885,7561,9335,14253,4888,6064,7711,True
725,1951,2450,3458,1292,1577,1292,True
0,0,0,0,0,0,0,True
2088,12672,16704,18671,8382,9530,10091,True
1585,4685,6153,9029,2965,3855,4441,True
2265,4530,7239,14922,2265,4974,4974,True
0,708,2521,5501,472,2049,3037,True
1978,6554,9635,15161,4260,6419,8059,True
2016,6667,7922,9839,4240,4535,4985,True
1722,2947,2947,4172,1722,1722,1722,True
1895,4996,5865,8117,3207,3725,3207,True
1927,7023,10065,14872,4385,6142,7100,True
4822,14598,17075,21897,7299,7299,7299,True
0,0,0,0,0,0,0,True
2762,14655,18450,20960,9187,9691,10024,True
2295,5957,8209,13485,3979,5749,7407,True
2308,9332,12445,16550,6037,7503,7912,True
5713,10404,12680,22420,6789,9065,11678,True
2326,9152,11886,15124,6005,7168,8154,True
5111,21696,32959,49097,14031,21325,20951,True
3980,11931,15409,21761,7466,9225,9000,True
0,0,0,0,0,0,0,True
1151,2302,3451,6900,1151,2300,2300,True
2269,4538,5894,10875,3030,4386,6051,True
0,0,695,2053,0,695,1007,True
1595,3033,6329,15711,1910,5206,8319,True
203,2558,3837,4446,1279,1482,1279,True
1199,2572,3515,6890,1561,2504,3480,True
1073,5442,8389,12060,2721,4020,3548,True
2890,9302,12706,18795,5949,8043,9699,True
1054,1796,1796,2799,1054,1054,1315,True
890,1669,2449,4953,1008,1788,2307,True
2418,8681,12623,19073,5637,8208,7062,True
3473,15890,20362,23835,7945,7945,7945,True
2794,9973,13538,19003,5998,7438,8173,True
1885,3195,3195,5080,1885,1885,2460,True
0,1756,3709,5900,1117,2431,2974,True
2532,6860,9265,14329,4098,5449,4537,True
2197,6971,10006,15642,4587,6706,7222,True
1244,8056,11956,15794,5288,7274,5934,True
0,0,0,0,0,0,0,True
1431,6210,8861,12236,4069,5562,6620,True
2573,10761,15333,21575,6487,8841,8386,True
1976,3880,3880,5525,2523,2523,2811,True
3547,11311,14841,20981,7086,9135,7086,True
673,4586,6701,8562,2983,3958,4430,True
1338,5094,7585,11471,3267,4890,5899,True
0,0,0,0,0,0,0,True
2994,11082,13629,16623,7189,7946,8837,True
1482,5756,8877,13809,3593,5665,4806,True
1478,2873,2873,4268,1775,1775,2072,True
1412,5010,6103,7515,3128,3400,3751,True
1291,3398,5224,9346,2130,3618,4680,True
1240,4340,6206,9290,2640,3754,3034,True
1585,5184,8092,13604,3200,5252,6720,True
0,0,0,0,0,0,0,True
440,5026,6984,7394,3185,3621,3712,True
2268,7630,9215,11483,4950,5432,6123,True
4428,11884,13347,17395,7926,8338,9479,True
3544,7647,8757,14929,5019,6129,8251,True
2833,12126,17876,25749,6063,8583,6439,True
1109,4076,6412,10399,2616,4236,5349,True
1310,5532,7388,9539,3624,4473,5097,True
3743,6350,6350,8957,3743,3743,3743,True
0,0,0,0,0,0,0,True
599,1636,2254,3581,965,1329,1255,True
3256,12997,19307,28779,8025,11700,13791,True
1515,6620,8415,9930,3310,3310,3310,True
2738,8707,12218,18558,5807,8092,10556,True
3520,10569,13348,18640,7115,8715,10068,True
4196,7004,9025,16870,4196,6217,7212,True
0,0,0,0,0,0,0,True
1316,4090,5683,8515,2536,3551,3827,True
0,0,0,0,0,0,0,True
2195,6160,8585,13896,3880,5688,5764,True
4503,13157,17308,26185,8756,11674,14343,True
2627,4904,8394,18571,3252,6742,10209,True
3769,14276,18213,23527,9115,10617,11033,True
0,0,0,0,0,0,0,True
2625,12337,18743,28455,7352,10555,7352,True
585,4486,10355,19619,3028,7809,11043,True
2005,5500,7226,10721,3250,4113,3250,True
1036,4490,7061,10858,2789,4394,4190,True
3367,9530,12333,18473,5822,7529,8858,True
2846,9260,13946,22484,6008,9295,8555,True
1101,2260,3419,6506,1496,2655,3450,True
1,2,1581,5417,1,1580,2257,True
3918,11542,15111,21637,6848,8409,6848,True
1056,3578,5292,8295,2246,3399,4145,True
1357,5194,7370,10571,3439,4738,5737,True
1291,6147,8365,10633,3966,4903,5463,True
3490,16934,24229,32590,11156,15109,13823,True
643,3490,5660,8708,2252,3597,4448,True
776,2463,2924,3673,1549,1662,1845,True
4007,6579,6579,10810,4007,4007,5666,True
3115,5282,6490,13055,3115,4323,6305,True
3383,11456,15356,21779,7110,9199,10809,True
1141,5498,7819,10046,3467,4526,4451,True
544,3042,4011,4778,2028,2348,2514,True
418,1890,3395,5656,1166,2309,2816,True
0,0,0,0,0,0,0,True
760,7180,10783,13804,4625,6271,6560,True
2424,9226,12642,17509,5807,7594,8847,True
2668,5336,8334,16998,2668,5666,5666,True
1195,3701,5778,9576,2376,3921,4530,True
2055,6441,8819,13209,4142,5646,6859,True
2531,8160,10923,15842,5531,7336,8758,True
2780,8698,11570,16996,5447,7221,6206,True
5076,12511,17118,28455,7853,11356,11878,True
4808,9616,9616,14133,6289,6289,7479,True
1225,2405,3748,7419,1566,2909,3835,True
2502,6913,10349,18356,3808,6179,8324,True
1179,2900,3448,5135,1902,2262,2747,True
0,0,0,0,0,0,0,True
870,2835,3829,5397,1592,2022,2367,True
4062,10829,14927,24205,7251,10409,10690,True
3047,7399,9842,15655,4479,5989,6165,True
1590,10567,15802,20724,6860,9451,10860,True
2054,4108,4108,6162,2054,2054,2054,True
1422,4816,8122,14780,2844,5164,5698,True
0,0,0,0,0,0,0,True
2064,8104,11053,15000,5254,6776,7928,True
1487,6714,10657,16290,4422,7086,8874,True
1187,5280,9088,15553,3072,5526,5913,True
2333,4856,6578,12415,2952,4674,6007,True
3369,6123,8877,18984,4078,6832,10804,True
2651,9863,15293,23396,6333,10270,10046,True
4362,9272,10936,17702,5879,7112,9288,True
2800,10137,14015,19926,6459,8614,7648,True
837,3022,3696,4533,1511,1511,1511,True
1050,2100,2553,4509,1307,1760,2239,True
4577,9216,10768,16763,5873,7425,7835,True
3161,8672,9758,12680,5760,6057,6856,True
3594,5903,7653,16027,3594,5344,7909,True
2212,4260,5821,11139,2767,4328,5875,True
2618,6028,7946,12981,3662,5035,4980,True
4813,10097,10097,13890,6304,6304,6304,True
5104,17446,24314,35916,11931,16513,17028,True
1711,3362,4036,6749,2263,2937,3653,True
3160,14826,21433,29682,9703,13370,13346,True
1199,4542,6799,10341,2845,4290,5063,True
1560,6380,9373,13184,3423,4808,5738,True
1706,5994,9291,14916,3834,6200,5646,True
4383,9027,10221,16707,5782,6976,8551,True
1470,3821,4685,6602,2450,2940,2450,True
0,9453,13182,13182,5724,5724,5724,True
2724,8816,13570,22449,5593,8998,11317,True
2796,8573,11161,15317,4819,5831,6130,True
3162,10173,14577,22575,6374,9138,11673,True
1130,3319,6254,12051,2129,4684,6163,True
1490,6191,9497,14401,3886,5959,4778,True
2092,9649,13901,19179,6301,8693,8013,True
1896,5858,7958,11988,2929,3996,3996,True
2025,5869,7857,11859,3636,4836,4301,True
1014,4409,5894,7556,2862,3525,3739,True
1503,3240,6191,11770,2119,5070,5722,True
603,1914,2996,5052,1229,2044,2616,True
1605,3249,4892,9935,2015,3658,5001,True
0,0,0,0,0,0,0,True
1438,5492,8235,12547,3495,5251,6535,True
3070,8182,10224,15336,4091,5112,4091,True
2695,6616,7678,11461,4248,4934,5154,True
5221,20858,29198,40692,13935,18826,22696,True
2745,6542,9881,17983,4203,6955,7112,True
774,1368,2235,5273,811,1678,2533,True
1439,7890,12279,17719,5005,7505,7811,True
3143,10288,14657,22571,6853,9885,12603,True
2289,9051,11488,13706,6072,6950,7748,True
4081,18996,28644,41177,12735,18804,16005,True
4593,14210,18995,28020,9266,12259,14954,True
1268,5306,7524,10526,3491,4802,4967,True
4959,17942,24689,35118,11846,15866,19208,True
971,2215,4002,9173,1300,2856,4447,True
1740,5242,7004,10506,2621,3502,2621,True
3927,12432,16055,22587,8143,10187,11929,True
0,0,0,0,0,0,0,True
2185,6414,8458,12687,4359,5748,5511,True
92,184,184,280,104,104,120,True
2680,11662,17894,26808,7747,11812,12854,True
1669,4377,5465,8173,2819,3511,3400,True
864,1734,1734,2506,1182,1182,1402,True
2346,11707,16662,21751,7138,9400,10695,True
3593,12706,17162,24037,7822,10100,10580,True
3062,7689,10504,17487,4936,7142,9067,True
2659,10282,15454,23475,6164,9420,10833,True
3437,9322,12988,20797,6258,9119,9342,True
3159,6638,6638,8959,4317,4317,4317,True
894,3872,5790,8768,2304,3263,2304,True
2556,6747,8721,12912,3964,4951,3964,True
5509,18092,23236,31906,12162,14985,14248,True
1557,6042,7406,8904,4006,4400,4832,True
2711,8769,12076,17423,5983,8287,9023,True
2059,9434,12152,14163,5885,6565,7065,True
2185,11679,16237,20322,7573,9473,10594,True
3717,12066,16387,24509,7635,10435,9383,True
1121,2770,3722,6193,1821,2610,3327,True
2906,4902,7016,14207,2906,5020,5987,True
3074,9776,13408,20048,6237,8556,8927,True
2812,8724,11948,17365,5109,6707,8309,True
1005,7722,13208,19739,5172,8756,10837,True
2206,6734,9704,15648,4136,5894,6297,True
942,1863,2655,5215,1207,1999,2773,True
1214,5146,6729,8391,2573,2797,2797,True
642,1974,2693,4160,1119,1553,1410,True
239,2866,3960,4179,1979,2334,2405,True
1094,4568,6132,7974,2284,2658,2284,True
0,0,0,0,0,0,0,True
1961,6111,8679,13316,3622,5046,6445,True
1215,5345,6325,7380,3310,3310,3310,True
297,2134,2904,3201,1067,1067,1067,True
5058,10586,11835,18001,6083,6573,8995,True
2184,3822,4648,8213,2184,3010,3285,True
1851,5468,6627,8975,3522,4130,4263,True
722,3688,5630,7970,2087,3055,2388,True
685,1370,2547,5560,912,2089,3064,True
815,2931,4669,7506,1863,3109,3496,True
3637,13358,19953,30656,8702,13262,14421,True
3576,17312,26216,37317,11281,16701,20251,True
0,0,0,0,0,0,0,True
4731,18882,28846,44088,12788,19703,17041,True
805,5766,7202,7758,3774,3774,3774,True
5539,11886,14902,24659,7132,9086,11486,True
1505,4998,6990,10483,3005,4001,3005,True
4099,6790,9108,20279,4099,6417,10261,True
1369,3761,5792,10733,2053,3515,5041,True
2984,6118,8584,16419,4083,6549,9143,True
741,5031,8240,11883,3000,4769,4414,True
4573,9296,11073,17136,6145,7922,8460,True
5464,10960,10960,15862,7344,7344,8630,True
1798,5070,7281,12027,2535,4009,4009,True
1691,8374,11680,14592,5430,6896,7872,True
825,2716,4192,6903,1729,2818,3563,True
1832,3664,3664,5544,2333,2333,2882,True
904,1490,1490,2076,904,904,904,True
1979,7876,11060,15480,5415,7374,5415,True
3877,13177,18737,28001,8857,12580,10742,True
1207,4224,6477,10380,2112,3460,3460,True
1446,6258,9387,13725,4001,5917,7123,True
4367,11270,14036,21045,7283,9043,8831,True
2668,4330,4330,5992,2668,2668,2668,True
539,6559,10186,13217,4129,5749,6065,True
4167,13578,16215,18916,8240,8240,8240,True
5108,15329,22071,34170,9697,14678,12785,True
4258,12655,18192,29405,8096,12154,15293,True
598,1196,2503,5715,598,1905,1905,True
0,0,0,0,0,0,0,True
4406,15276,21828,32690,9786,13887,14162,True
2688,7532,9312,12843,5079,6157,5079,True
3985,6342,8506,17360,3985,6149,8318,True
2988,12608,16876,21998,7943,9754,10768,True
4618,14072,18956,28374,8812,11837,10998,True
4235,8388,8388,11184,5592,5592,5592,True
2489,7382,9078,12555,3691,4185,4185,True
496,1682,2539,4135,991,1503,1729,True
2461,8499,10522,13692,5480,6291,5928,True
2636,7630,10676,16765,4493,6242,5588,True
1154,5583,8337,11771,3549,5162,5223,True
487,1954,3375,5730,1236,2298,2186,True
0,3580,7128,10708,2314,4596,5644,True
1702,5213,6959,10170,3370,4436,3745,True
2456,8728,11179,14721,4364,4907,4368,True
320,1892,2814,3692,1130,1506,1736,True
1630,6300,8027,10314,4201,4927,5156,True
3805,13010,17112,23711,8343,10508,12493,True
550,2280,3165,4413,1395,1744,1945,True
2123,13343,17907,20259,8428,9750,10429,True
1546,7239,10776,14886,4173,5780,6830,True
0,0,0,0,0,0,0,True
0,0,0,0,0,0,0,True
1403,4368,5033,6649,2651,2816,3213,True
6072,11680,11680,15494,7866,7866,7866,True
0,0,0,0,0,0,0,True
2584,14135,20665,27769,9546,13134,15301,True
1920,7926,11708,17106,3963,5702,5702,True
6296,19605,26748,39719,12192,16359,16824,True
2537,7526,11553,19680,4537,7578,8397,True
1804,4080,7930,17740,2614,6170,9316,True
1738,3434,3434,4904,2160,2160,2356,True
1165,3814,6604,12869,2330,4378,6651,True
1163,3493,6707,13171,2296,5095,7121,True
1598,3631,5292,9582,2400,3826,5126,True
3923,7846,7846,11641,5288,5288,6525,True
2429,9168,13276,20011,5460,7513,6064,True
1109,4311,6813,10859,2668,4315,4865,True
1223,2446,2446,3669,1540,1540,1857,True
888,3062,4478,6912,1777,2550,2038,True
2900,9434,13442,20233,5361,7499,7891,True
4853,10840,12768,19396,7010,8938,9268,True
1894,3595,4317,7746,2279,3001,3996,True
702,3835,5423,7119,2248,2745,2951,True
1712,6713,9789,14452,4286,6286,6683,True
2883,10206,14165,19872,6212,8030,9620,True
1613,6382,9439,14206,4200,6046,4770,True
682,3077,3719,4208,1946,1946,1946,True
1947,3894,5072,9375,2445,3623,4725,True
282,3312,5479,7701,1948,2949,3471,True
2298,9426,14926,23490,6159,9928,11269,True
4932,12412,16473,26079,8081,10937,12321,True
708,3218,4714,6612,1609,2204,1609,True
1238,5234,8213,12647,3310,5269,4587,True
1237,2092,2092,3203,1237,1237,1493,True
5267,10073,10918,17495,6091,6936,8131,True
4368,12029,16008,24948,7636,10441,10235,True
2229,5575,6077,8133,3655,3780,4293,True
690,4711,7492,10599,3055,4655,5453,True
4144,11916,15571,22750,7789,10017,8651,True
4255,12712,18186,29201,8279,12214,12147,True
323,3915,6332,8177,2496,3731,4241,True
2952,6087,6087,9222,3968,3968,4984,True
1936,5122,6355,9472,3172,3929,3714,True
1775,3627,3627,5402,2323,2323,2794,True
0,0,0,0,0,0,0,True
0,0,0,0,0,0,0,True
1380,2280,4532,11147,1380,3632,4843,True
3717,17010,21473,24889,11400,12686,13669,True
669,1686,1873,2557,1014,1057,1213,True
2345,8579,12393,18455,5689,8188,7560,True
979,3916,6366,10084,2484,4218,4684,True
0,0,0,0,0,0,0,True
2043,5821,7582,11549,3756,5003,5987,True
1826,5728,7866,11892,2864,3964,3964,True
2451,4899,5495,9136,3305,3901,5172,True
2990,8982,10978,14705,5744,6657,6911,True
1584,5390,8820,15042,3494,6138,6565,True
0,0,0,0,0,0,0,True
2474,7942,10978,16446,5221,7191,8872,True
1715,9162,14270,20542,6108,9306,11276,True
2116,4173,4173,6288,2735,2735,3412,True
5119,12192,14149,21244,7657,8886,9240,True
0,0,0,0,0,0,0,True
3391,15350,23545,34783,10005,15174,16587,True
1276,2684,2684,3622,1746,1746,1746,True
1659,5468,6543,8202,2734,2734,2734,True
2924,6007,6007,8669,3745,3745,4145,True
1415,3812,4794,7191,1906,2397,1906,True
6959,17326,20764,31131,11541,13825,14393,True
2997,5574,5574,8151,3566,3566,4135,True
2453,4682,4682,7135,2970,2970,3711,True
2044,5718,7834,12125,3549,4816,4064,True
0,0,0,0,0,0,0,True
965,1970,1970,2885,1225,1225,1395,True
2126,5113,6033,9020,3058,3599,3514,True
2557,8029,9632,12045,4912,5271,5811,True
685,2648,3939,5928,1660,2458,1978,True
5531,16112,20986,31315,9638,12553,11094,True
3885,7770,7770,11655,3885,3885,3885,True
0,0,0,0,0,0,0,True
1752,3673,5796,10588,2317,4440,4876,True
1804,6887,10773,17259,4362,6913,9043,True
2383,7698,10515,15448,4524,6188,4785,True
3030,9695,13407,20072,5829,7685,5829,True
1598,9006,11911,13509,4503,4503,4503,True
5218,11020,14439,25727,6611,9103,10991,True
3672,10610,11944,15094,7070,7351,8014,True
2286,4644,5432,9342,2951,3739,4830,True
3163,12200,18040,27009,7960,11680,9526,True
2302,4570,4570,6912,2816,2816,3404,True
1271,3478,4502,6818,2159,2807,3342,True
3593,15153,21374,27271,9035,11573,11952,True
2973,9449,13643,20612,6392,9450,10540,True
3639,10131,13117,19609,6672,8603,8108,True
3937,10000,13213,20544,6090,7921,7358,True
2811,9096,11911,17198,5631,7216,8772,True
701,3705,4856,5553,2343,2647,2829,True
2433,9102,13338,20007,6159,9025,7767,True
1097,2194,2593,4488,1097,1496,1496,True
1883,8706,13406,19651,5008,7676,8923,True
1574,4900,6695,10141,2866,3934,4619,True
2083,5606,7733,12443,3268,4546,4456,True
2146,6455,8829,13572,4048,5596,6908,True
2330,7322,9255,12252,4674,5422,6028,True
304,733,803,1087,439,451,499,True
3174,5872,5872,8931,3745,3745,4677,True
562,1119,1119,1676,747,747,932,True
427,777,1329,3272,427,979,1468,True
2370,8514,11283,15417,4257,5139,4257,True
665,2600,4299,7111,1625,2838,3051,True
1502,5004,7004,10506,2502,3502,2502,True
3540,6720,8397,15120,4158,5835,7296,True
1136,7091,11045,15667,4574,6753,8029,True
3938,8455,11593,21399,5127,7492,9193,True
1136,3528,5292,8700,1764,2900,2900,True
225,1613,2189,2407,1053,1223,1287,True
0,0,0,0,0,0,0,True
2869,9260,12782,19173,4630,6391,4630,True
1492,2899,2899,4302,1897,1897,2298,True
4764,14005,18871,28240,8621,11078,11874,True
3593,10870,14700,21783,6489,8364,8617,True
1602,7444,10940,15294,3722,5098,3722,True
1518,5158,7385,11089,3388,4877,5665,True
1458,7024,11079,16640,4623,7252,7273,True
1990,6263,7656,10172,3787,4312,4408,True
1841,7683,10472,14093,5033,6453,7127,True
2839,11382,14785,18501,7355,8614,9571,True
971,1890,2771,5686,1243,2124,3150,True
2131,5228,7626,12673,3390,5409,6081,True
0,0,0,0,0,0,0,True
2737,4559,4559,6381,2737,2737,2737,True
2791,4775,4775,7533,2791,2791,3565,True
1897,6360,8059,10910,3971,4767,5130,True
2092,5890,8244,13106,3475,4868,5490,True
3267,7225,7819,11086,4617,4809,5870,True
3375,8362,12117,20993,5119,8009,9755,True
2082,4500,4869,8095,2636,3005,3799,True
2653,6498,7789,11099,3988,4695,3988,True
3885,12062,15550,21813,7856,9755,11343,True
0,0,0,0,0,0,0,True
2110,7376,11360,18282,3688,6094,4517,True
1714,8192,11501,15333,5266,6840,5802,True
1191,3250,4852,8529,2092,3320,4645,True
949,2494,3388,5338,1486,2015,2264,True
2705,8122,10806,15731,5146,6874,7295,True
3052,8938,10447,13069,5768,6120,6729,True
1081,5249,6831,7959,3403,3907,4267,True
3238,11075,14881,20907,6705,8251,6704,True
1225,3438,4426,6639,1719,2213,1719,True
4754,17286,21155,25909,11092,12177,13521,True
1457,4928,6877,9946,2789,3716,3787,True
3027,8876,11613,16643,5268,6470,7023,True
2493,8495,10267,12618,5440,5899,6508,True
3253,11984,18354,28873,8049,12636,11662,True
1702,8522,11825,15679,5218,6294,6919,True
2007,6844,9982,15404,4371,6457,7930,True
2328,8262,10471,13494,5002,5740,6314,True
2619,8683,12189,18253,5679,7914,6819,True
2054,7461,10827,16229,4864,7022,5883,True
2035,4410,4846,6776,2745,2988,2745,True
1995,4841,5889,8986,3175,3861,4055,True
1188,4335,5432,6484,2754,3046,3322,True
0,0,0,0,0,0,0,True
6640,23485,29720,39146,15145,17878,19770,True
2372,3977,5511,10917,2372,3906,4639,True
844,3327,5218,8018,2229,3578,4044,True
2957,8428,10920,16467,5526,7177,8981,True
5703,17264,23422,34983,11452,15365,13618,True
1159,8672,11828,12963,5881,6985,7381,True
3154,15904,22332,28915,10275,13306,15097,True
152,594,1375,2824,370,1039,1412,True
3031,11812,14687,17561,7801,8670,9539,True
1035,3528,4936,7309,2330,3243,2776,True
2917,9722,12992,18441,6428,8331,10037,True
3012,9725,12347,16713,6225,7447,6880,True
2189,3749,3749,5743,2189,2189,2623,True
3469,9576,10874,14287,5903,6189,6941,True
552,3476,4700,5192,2096,2336,2432,True
0,4022,6800,9374,2473,3702,4294,True
2524,8182,10169,13522,5112,5948,6142,True
324,1568,2378,3384,968,1423,1694,True
2756,11309,16551,23995,7357,10577,9529,True
1387,4521,6513,10015,2448,3542,4533,True
0,0,0,0,0,0,0,True
2243,8054,9838,11622,5242,5620,5998,True
0,0,0,0,0,0,0,True
632,1848,2388,3424,1128,1428,1128,True
1241,4236,6349,10210,2482,3718,4230,True
1747,4366,5583,8378,2550,3196,3454,True
4419,11114,13894,20087,7548,9596,10333,True
3241,11018,12662,14847,7189,7189,7189,True
3415,6830,9842,19281,3415,6427,6427,True
2216,7534,10636,15954,3767,5318,3767,True
0,0,0,0,0,0,0,True
3639,10267,12856,17826,6947,8500,6947,True
858,5284,7068,7926,3273,3700,3904,True
1627,3254,3254,4881,2016,2016,2405,True
5511,9274,9274,13037,5511,5511,5511,True
1098,3645,5093,7640,2193,2917,3288,True
3490,7942,10431,17282,4884,6500,8618,True
1060,2093,2093,3126,1279,1279,1498,True
1595,2667,4767,11064,1595,3695,4720,True
2652,8512,13619,23277,5685,9726,9931,True
2199,6489,7397,9517,3911,4046,4361,True
983,6352,10768,16476,3940,6636,5803,True
1255,2362,5061,12046,1486,4185,6034,True
0,0,0,0,0,0,0,True
3031,9222,12550,18741,5692,7621,7302,True
1782,11468,15176,17884,7340,8130,8416,True
0,0,0,0,0,0,0,True
3392,12268,17283,25192,8010,11121,11148,True
359,718,2486,5921,470,2238,3001,True
3988,7976,10458,19410,3988,6470,6470,True
778,4048,7004,11334,2523,4517,5390,True
2973,7849,8580,11396,4983,5123,5664,True
2863,8980,13128,20927,5136,7582,9837,True
2552,7413,9481,13590,4690,5819,5497,True
2272,4778,5472,8670,2642,3038,3334,True
4786,17859,23266,30353,11810,14314,14421,True
2602,4372,4372,7196,2602,2602,3656,True
3890,6435,6435,8980,3890,3890,3890,True
3063,10244,14574,21749,6560,9329,9436,True
3751,17224,24058,32166,11159,14648,16594,True
1949,5579,6457,8262,3413,3582,3930,True
0,0,0,0,0,0,0,True
5434,10868,10868,15972,7244,7244,8724,True
3646,7850,11126,18914,5069,8344,9017,True
1102,2204,2204,3306,1102,1102,1102,True
0,0,0,0,0,0,0,True
3691,10451,13361,19749,6930,8836,8324,True
5186,9869,13819,26822,6351,10301,13852,True
0,0,0,0,0,0,0,True
0,0,0,0,0,0,0,True
2951,4793,7971,18085,2951,6129,8045,True
2049,4169,4169,6289,2462,2462,2875,True
0,8167,13857,17320,5285,8093,9108,True
4717,9808,12470,22039,5673,7638,9178,True
1823,8224,11344,14661,5030,6234,6971,True
999,3596,4959,7086,2167,2895,3276,True
1297,6308,9405,13246,4157,6036,4157,True
0,4274,7159,8763,2589,3789,4297,True
3368,12495,16971,23422,8098,10482,12332,True
1599,3294,4188,7621,2147,3041,4119,True
0,0,0,0,0,0,0,True
4866,9784,9784,13003,6565,6565,6565,True
0,0,0,0,0,0,0,True
0,0,0,0,0,0,0,True
5002,17765,25092,36819,11962,16629,20721,True
1565,2622,2622,4187,1565,1565,2073,True
952,3836,5577,7962,2267,3097,3708,True
811,2836,3987,5800,1802,2510,2347,True
1441,2522,3499,7542,1441,2418,3426,True
3214,12048,20821,36415,7828,14491,19023,True
0,0,0,0,0,0,0,True
2932,9564,13476,20318,6216,8714,9184,True
3211,11016,15168,21915,7605,10335,8644,True
604,2120,2722,3515,1208,1354,1399,True
0,1937,2839,2839,1213,1391,1391,True
3800,13133,17921,25759,8055,10160,9316,True
3560,11904,18450,29076,7819,12759,11142,True
1923,4920,6711,10833,3027,4128,4152,True
2133,10062,15258,21045,5623,8064,9665,True
1796,5880,8208,12292,3450,4614,3450,True
6572,18536,22944,32587,12362,14882,18011,True
2246,8564,10810,13056,5738,6571,7404,True
2442,11825,16850,22940,8070,10859,10625,True
2724,9586,13724,20586,6366,9113,9203,True
2337,7191,9947,15188,4856,6717,6310,True
2450,11006,16674,24687,7192,10639,7973,True
455,4962,7500,8889,3215,4326,4757,True
6605,13210,13210,19237,8850,8850,10517,True
1224,5693,7326,8515,3690,4164,4509,True
2329,6157,8483,14068,3400,4857,6392,True
3660,7712,8928,12980,4526,5134,4526,True
1110,11762,19367,26380,7670,11939,14056,True
655,1228,1228,1801,791,791,927,True
0,0,752,1884,0,752,854,True
1681,2812,2812,4283,1681,1681,2021,True
1979,4450,4848,6419,2481,2481,2481,True
1086,2140,3832,8404,1442,3134,4762,True
0,0,0,0,0,0,0,True
1932,6907,9100,12156,4055,4756,4055,True
3422,8611,11422,17996,5223,6868,6608,True
1950,7116,10332,15498,3558,5166,3558,True
1776,6034,8608,13090,3672,5274,4550,True
1379,2563,3191,5872,1620,2248,2984,True
1711,5618,7224,8951,3302,3792,4319,True
4229,7029,8418,16473,4229,5618,8095,True
1389,4291,6192,9793,2494,3600,4607,True
0,0,0,0,0,0,0,True
859,2874,3452,4311,1437,1437,1437,True
1206,5635,8261,11604,3400,4675,4210,True
894,3250,5146,8298,2073,3441,4146,True
2035,6444,9898,16340,4232,6871,8692,True
1753,3200,3200,4953,2003,2003,2559,True
1181,3927,6808,12411,2460,4697,6225,True
2855,9627,15377,25554,6345,10743,10487,True
2153,5048,6146,9281,3064,3737,4273,True
3329,18547,27385,36573,12104,16995,19743,True
0,0,0,0,0,0,0,True
1464,7455,9706,11125,4966,5692,6147,True
1987,6978,9303,12936,3489,4312,4312,True
4394,16340,20116,24510,10767,11966,13364,True
2071,5506,7400,11975,3133,4422,5221,True
1851,7732,10965,15254,4954,6738,6281,True
2058,11642,17896,25030,7300,10725,8215,True
1143,1947,1947,3074,1143,1143,1466,True
946,3468,4988,7412,2213,3170,3898,True
3857,9884,11907,17259,6595,7893,7573,True
0,0,0,0,0,0,0,True
1300,8335,11633,13947,5055,6031,6457,True
3284,9708,12767,18370,6277,8102,7529,True
2407,5930,7024,10434,3678,4348,4278,True
6875,33188,47578,64193,22713,30969,36683,True
2410,6221,8996,15682,3775,6097,7512,True
2226,8351,11424,15689,5280,6824,8027,True
3198,8012,10735,17429,5076,7088,8763,True
2729,5360,5360,7332,3388,3388,3388,True
2414,6652,8542,12534,4112,5347,5606,True
2245,7214,12002,20875,4838,8729,11485,True
4560,11642,15685,24793,7083,9501,10083,True
1327,2558,2558,3789,1672,1672,2017,True
3550,6756,7384,11662,3914,4278,4986,True
4803,10645,13137,19858,6826,8569,8761,True
1325,7739,11131,14751,4514,5627,5542,True
1597,4030,5697,9792,2568,3931,5058,True
2363,9319,13070,18303,6219,8402,10115,True
6184,21696,28395,38335,14591,18149,19676,True
97,537,745,849,291,335,357,True
1595,5414,7218,10201,3645,4725,4466,True
0,0,0,0,0,0,0,True
2351,7406,10858,17313,4905,7348,8146,True
1596,2862,3390,5849,1789,2317,2807,True
4470,15493,21149,30007,10149,13453,10149,True
6257,18559,23759,34050,12326,15446,14624,True
2039,5809,8254,13259,3522,5005,4757,True
0,0,0,0,0,0,0,True
2623,5246,5246,7869,2623,2623,2623,True
4756,10401,13254,22633,6805,9161,12339,True
3344,5607,7419,16111,3344,5156,7961,True
2656,4990,4990,6738,3242,3242,3242,True
1924,6020,8192,12288,3010,4096,3010,True
0,0,0,0,0,0,0,True
2129,8252,12189,18184,5447,8015,9704,True
2467,8447,12070,18344,4963,6836,6672,True
2293,9742,12315,14720,6243,7008,7722,True
1333,2886,4439,7776,1884,3437,3768,True
3626,13582,18205,24670,9108,11538,13152,True
0,0,0,0,0,0,0,True
858,3174,5348,9096,1587,3032,2303,True
1540,4677,5505,6900,2972,3165,3490,True
3085,9863,12962,18179,6364,7991,8549,True
3121,6046,7542,13879,3830,5326,7179,True
4034,8036,9863,18011,5012,6839,9203,True
0,0,0,0,0,0,0,True
989,1973,5469,12433,1266,4762,6001,True
8489,20535,25662,38657,13023,16051,19589,True
1744,6977,9896,13672,4239,5545,5986,True
2687,7208,8457,11648,4612,5221,5738,True
1763,6138,8547,12444,3526,4629,5014,True
2963,4977,5967,10426,2963,3953,4418,True
3078,9156,11934,17061,5039,6214,5039,True
949,1898,1898,2847,949,949,949,True
4018,15262,22186,32644,9777,13959,17344,True
3832,9002,10714,14991,5366,6039,7719,True
1947,6456,10473,17574,4190,7268,8808,True
2247,7005,9438,14095,4413,5951,5292,True
4133,8163,8163,12296,5556,5556,7082,True
2770,7687,9362,13600,4919,5984,5605,True
1458,2939,3779,6913,1819,2659,3403,True
2415,8785,10772,13301,5373,5859,6477,True
4048,8363,8363,12453,5287,5287,6301,True
1139,4822,6864,9720,2826,3676,4028,True
6504,20008,23508,30012,13207,14328,16410,True
2937,5447,5447,8322,3501,3501,4430,True
2266,4348,5075,7894,2847,3574,3838,True
2503,7430,10129,15187,4570,6197,5029,True
0,0,0,0,0,0,0,True
3525,7536,9953,17145,5088,7505,9297,True
1680,2818,2818,3956,1680,1680,1680,True
3462,6924,6924,10386,4526,4526,5590,True
684,2346,3029,4101,1173,1367,1367,True
5040,8946,10364,16681,5658,7076,7707,True
1197,7111,11679,18318,4310,6856,6066,True
3082,12929,15470,17604,8254,8254,8254,True
1700,7996,11266,15318,4726,5902,6426,True
631,3744,6003,8674,2331,3618,4426,True
631,1262,1262,1893,631,631,631,True
2297,9549,14427,21524,6088,9253,8937,True
3626,11033,14995,22402,6766,8747,6766,True
0,0,0,0,0,0,0,True
2854,13487,21586,32697,7774,12256,10297,True
2584,7946,10678,16016,5037,6780,6137,True
5378,18138,24589,34659,12174,15899,15925,True
1170,2185,5121,14529,1170,4106,6627,True
3620,8752,10948,16080,5341,6439,5341,True
2896,8290,11604,18630,4145,6210,6210,True
2239,5454,6522,9737,3637,4339,4470,True
2219,4860,5224,7350,2916,3000,3462,True
1940,9363,11514,12921,5805,5805,5805,True
1451,6166,9154,13320,3972,5768,5215,True
3819,11310,14747,21717,7313,9500,8546,True
1232,3234,5081,9237,1617,3079,3079,True
4046,12441,16319,23524,8319,10704,12796,True
0,0,0,0,0,0,0,True
772,2177,3467,6453,1230,2167,2370,True
1705,5161,6193,8074,3359,3744,3127,True
3268,9778,13834,21773,5516,7836,6945,True
2565,5331,5331,7770,3445,3445,3998,True
627,2506,3758,5637,1253,1879,1253,True
0,2982,5107,6591,2033,3209,3703,True
2295,7000,9264,13664,4459,5881,5670,True
1654,3308,3308,5166,2028,2028,2606,True
565,1103,1393,2461,721,1011,1285,True
1819,9043,11521,13122,6030,6678,7096,True
792,5125,8817,13293,3426,5979,7217,True
2258,7782,10258,14202,4812,6042,5733,True
1064,2128,3040,5921,1390,2302,3175,True
3871,7988,9871,17410,5059,6942,8870,True
978,3953,7663,14393,2629,5646,8135,True
1390,7594,10509,12915,3797,4305,3671,True
0,0,0,0,0,0,0,True
967,4872,7115,9630,2436,3210,3210,True
1211,2993,3628,5481,1914,2319,2863,True
2515,9820,14058,20305,6414,9030,7969,True
2882,7387,9468,14390,4558,5798,5431,True
3972,11538,14802,20663,7314,8885,8884,True
2382,6044,6684,9066,3022,3022,3022,True
1364,7743,10890,14182,4821,6010,6410,True
2614,7583,10260,15331,4575,5962,6519,True
3051,12158,15743,19908,7907,9375,9735,True
2071,3912,6829,15806,2447,5364,8232,True
465,3716,5442,6749,2510,3332,3733,True
3613,11689,17062,27057,7971,11979,15673,True
1639,3138,5509,11440,2154,4525,6356,True
0,0,0,0,0,0,0,True
1510,7558,11336,15866,5119,7434,6457,True
2650,6422,7544,11316,3211,3772,3211,True
853,4126,5803,7512,2708,3536,4104,True
583,1118,1118,1653,706,706,829,True
1194,3595,4382,5436,2085,2226,2416,True
879,3142,4505,6696,1962,2735,3304,True
5137,14183,17379,26320,9129,11268,11657,True
2817,5665,5665,8513,3661,3661,4505,True
2513,6882,9262,14962,4293,6029,6787,True
1969,8448,13488,21027,4224,7009,4755,True
3223,8828,10299,12650,5315,5403,5448,True
1581,6228,7761,9342,3114,3114,3114,True
0,0,0,0,0,0,0,True
1686,8258,11517,14982,5301,6755,7594,True
2762,10462,14427,19898,6317,8225,8062,True
1057,2065,3330,6647,1381,2646,3553,True
1809,6796,10274,15884,3770,5674,6734,True
463,1989,2651,3368,1281,1559,1760,True
1802,6294,8624,12265,4178,5538,4816,True
3623,6412,8291,16632,3623,5502,7296,True
1088,3500,4619,6521,2298,2928,3353,True
707,11738,17753,18420,7077,8897,9098,True
6361,25551,38373,57563,17504,26227,27727,True
1646,9765,12946,14592,6515,7556,8092,True
4790,15759,22007,32976,9911,13786,14224,True
2824,4774,4774,7190,2824,2824,3290,True
1032,7746,12324,16598,4616,6763,6746,True
0,0,0,0,0,0,0,True
2025,9433,14238,20745,5768,8433,5768,True
0,0,1870,5235,0,1870,2615,True
1094,4195,7142,12117,2610,4803,5120,True
184,6913,10242,10427,4560,5661,5721,True
1528,8947,14870,22217,5946,9925,8826,True
682,4333,6584,8861,2743,3891,3256,True
1722,3444,3444,4608,2280,2280,2280,True
386,2995,4281,5035,2029,2595,2857,True
1088,4490,6671,9817,2859,4177,5019,True
0,0,0,0,0,0,0,True
2840,5280,5280,7720,3345,3345,3850,True
2484,4971,6969,13080,3329,5327,7158,True
5521,15182,17153,22409,10266,10895,12577,True
0,0,0,0,0,0,0,True
0,0,0,0,0,0,0,True
1971,4072,4072,5984,2629,2629,3098,True
3395,12004,14650,18234,7741,8574,9708,True
2523,7304,12050,21807,3652,7269,7269,True
633,2534,3487,4758,1267,1586,1267,True
2213,7150,9946,14400,4323,5739,7174,True
7288,15250,15250,22512,9711,9711,11434,True
196,411,1564,3918,265,1418,2068,True
3889,7639,7639,11600,4870,4870,6062,True
2381,7056,8950,12825,3528,4275,3706,True
1589,3258,4927,9842,2104,3773,5226,True
1427,6031,9533,15058,3578,5606,4499,True
2984,6091,7096,11975,4002,5007,6441,True
3330,6660,8114,12915,4331,5785,6221,True
0,0,0,0,0,0,0,True
2768,9276,12377,17527,6016,7768,9267,True
2489,7199,9506,13964,4011,5109,5392,True
2320,9278,12265,15863,6085,7443,8533,True
924,4816,6610,8154,3082,3808,4238,True
2259,4191,6123,11230,2767,4699,5534,True
2695,9396,13298,19959,6043,8609,7565,True
1133,1956,2646,5560,1133,1823,2534,True
2687,9509,13143,18894,6038,8116,9562,True
1142,3929,5554,8290,2428,3417,4052,True
5352,15183,19747,29578,10101,13113,12500,True
2423,10977,14828,18917,6317,7295,6317,True
2119,5849,7419,11089,3736,4739,4515,True
3029,10121,14174,21176,6460,9014,7697,True
4084,8596,11085,18911,5219,6973,9109,True
6976,20903,28229,42156,13003,16666,13003,True
2553,8650,10735,13814,5705,6522,7208,True
0,0,0,0,0,0,0,True
3190,6082,6082,9156,3912,3912,4816,True
1228,3757,4966,7277,2390,3099,3881,True
1380,3912,5064,7596,2567,3323,3178,True
3135,9864,14299,22583,5908,8486,10923,True
1238,4511,6158,8567,2690,3467,3961,True
1725,5132,7257,11554,3121,4621,5476,True
487,1944,2429,2916,972,972,972,True
2604,9492,13639,20194,6280,8898,7257,True
